<?xml version="1.0" encoding="utf-8"?>
<odoo>
    <data noupdate="1">
        <record model="lsv_project.addendum_description" id="lsv_project_addendum_description_1">
            <field name="name">Addendum description 1</field>
        </record>
        <record model="lsv_project.addendum_description" id="lsv_project_addendum_description_2">
            <field name="name">Addendum description 2</field>
        </record>
        <record model="lsv_project.addendum_description" id="lsv_project_addendum_description_3">
            <field name="name">Addendum description 3</field>
        </record>
    </data>
</odoo>