<?xml version="1.0" encoding="utf-8"?>
<odoo>
    <data noupdate="1">
        <record model="lsv_project.endorsement_reason" id="lsv_project_endorsement_reason_1">
            <field name="reason">Endorsement reason 1</field>
        </record>

        <record model="lsv_project.endorsement_reason" id="lsv_project_endorsement_reason_2">
            <field name="reason">Endorsement reason 2</field>
        </record>

        <record model="lsv_project.endorsement_reason" id="lsv_project_endorsement_reason_3">
            <field name="reason">Endorsement reason 3</field>
        </record>

    </data>
</odoo>