<?xml version="1.0" encoding="utf-8"?>
<odoo>
    <data noupdate="1">
        <record model="lsv_project.policy_type" id="lsv_project_policy_type_1">
            <field name="name">Policy type 1</field>        
        </record>
        <record model="lsv_project.policy_type" id="lsv_project_policy_type_2">
            <field name="name">Policy type 2</field>
        </record>
        <record model="lsv_project.policy_type" id="lsv_project_policy_type_3">
            <field name="name">Policy type 3</field>
        </record>
    </data>
</odoo>