<?xml version="1.0" encoding="utf-8"?>
<odoo>
    <data noupdate="1">
        <record model="lsv_project.resident_role" id="lsv_project_resident_role_1">
            <field name="name">Resdident role 1</field>
        </record>

        <record model="lsv_project.resident_role" id="lsv_project_resident_role_2">
            <field name="name">Resdident role 2</field>
        </record>

        <record model="lsv_project.resident_role" id="lsv_project_resident_role_3">
            <field name="name">Resdident role 3</field>
        </record>
    </data>
</odoo>